{
	"credit": "Made with Blockbench",
	"texture_size": [8, 7],
	"textures": {
		"0": "head",
		"1": "hat_brim_up",
		"2": "hat_brim_down",
		"3": "ear_front",
		"4": "scarf",
		"5": "body",
		"6": "leg",
		"7": "ear_back",
		"8": "arm",
		"particle": "head"
	},
	"elements": [
		{
			"name": "head",
			"from": [4, 5, 4],
			"to": [12, 13, 12],
			"rotation": {"angle": 0, "axis": "y", "origin": [0, -3, 0]},
			"faces": {
				"north": {"uv": [5.33333, 8, 10.66667, 16], "texture": "#0"},
				"east": {"uv": [0, 8, 5.33333, 16], "texture": "#0"},
				"south": {"uv": [10.66667, 0, 16, 8], "texture": "#0"},
				"west": {"uv": [10.66667, 8, 16, 16], "texture": "#0"},
				"up": {"uv": [0, 0, 5.33333, 8], "texture": "#0"},
				"down": {"uv": [5.33333, 0, 10.66667, 8], "texture": "#0"}
			}
		},
		{
			"name": "body",
			"from": [5, 0, 6],
			"to": [11, 5, 10],
			"faces": {
				"north": {"uv": [0, 8, 4.4, 16], "texture": "#5"},
				"east": {"uv": [4.8, 8, 8, 16], "texture": "#5"},
				"south": {"uv": [8.4, 8, 12.8, 16], "texture": "#5"},
				"west": {"uv": [4.8, 8, 8, 16], "texture": "#5"},
				"up": {"uv": [0, 0, 6, 4], "texture": "#missing"},
				"down": {"uv": [0, 0, 4.8, 6.4], "texture": "#5"}
			}
		},
		{
			"name": "hat_brim",
			"from": [0, 10, 0],
			"to": [16, 10, 16],
			"faces": {
				"up": {"uv": [0, 0, 16, 16], "texture": "#1"},
				"down": {"uv": [0, 0, 16, 16], "texture": "#2"}
			}
		},
		{
			"name": "scarf_down_left",
			"from": [5, 0, 12],
			"to": [7, 0, 14],
			"faces": {
				"north": {"uv": [0, 0, 2, 0], "texture": "#missing"},
				"east": {"uv": [0, 0, 2, 0], "texture": "#missing"},
				"south": {"uv": [0, 0, 2, 0], "texture": "#missing"},
				"west": {"uv": [0, 0, 2, 0], "texture": "#missing"},
				"up": {"uv": [11.33333, 10.66667, 16, 16], "texture": "#4"},
				"down": {"uv": [0, 0, 4.66667, 5.33333], "texture": "#4"}
			}
		},
		{
			"name": "scarf_down_right",
			"from": [9, 0, 12],
			"to": [11, 0, 14],
			"faces": {
				"north": {"uv": [0, 0, 2, 0], "texture": "#missing"},
				"east": {"uv": [0, 0, 2, 0], "texture": "#missing"},
				"south": {"uv": [0, 0, 2, 0], "texture": "#missing"},
				"west": {"uv": [0, 0, 2, 0], "texture": "#missing"},
				"up": {"uv": [0, 10.66667, 5.33333, 16], "texture": "#4"},
				"down": {"uv": [0, 0, 4.66667, 5.33333], "texture": "#4"}
			}
		},
		{
			"name": "cloth_leg_up",
			"from": [5, 2, 4],
			"to": [11, 2, 6],
			"faces": {
				"north": {"uv": [0, 0, 6, 0], "texture": "#missing"},
				"east": {"uv": [0, 0, 2, 0], "texture": "#missing"},
				"south": {"uv": [0, 0, 6, 0], "texture": "#missing"},
				"west": {"uv": [0, 0, 2, 0], "texture": "#missing"},
				"up": {"uv": [7.2, 13.6, 13.2, 12], "texture": "#5"},
				"down": {"uv": [0, 0, 4.8, 2], "texture": "#5"}
			}
		},
		{
			"name": "arm_right",
			"from": [-2, 1, 7],
			"to": [0, 6, 9],
			"rotation": {"angle": -45, "axis": "z", "origin": [0, -3, 0]},
			"faces": {
				"north": {"uv": [0, 16, 4, 4.57143], "texture": "#8"},
				"east": {"uv": [12, 16, 16, 4.57143], "texture": "#8"},
				"south": {"uv": [4, 16, 0, 4.57143], "texture": "#8"},
				"west": {"uv": [12, 16, 8, 4.57143], "texture": "#8"},
				"up": {"uv": [0, 0, 2, 2], "texture": "#missing"},
				"down": {"uv": [4, 0, 8, 4.57143], "texture": "#8"}
			}
		},
		{
			"name": "arm_left",
			"from": [11, -10, 7],
			"to": [13, -5, 9],
			"rotation": {"angle": 45, "axis": "z", "origin": [0, -3, 0]},
			"faces": {
				"north": {"uv": [4, 16, 0, 4.57143], "texture": "#8"},
				"east": {"uv": [12, 16, 8, 4.57143], "texture": "#8"},
				"south": {"uv": [0, 16, 4, 4.57143], "texture": "#8"},
				"west": {"uv": [12, 16, 16, 4.57143], "texture": "#8"},
				"up": {"uv": [0, 0, 2, 2], "texture": "#missing"},
				"down": {"uv": [4, 0, 8, 4.57143], "texture": "#8"}
			}
		},
		{
			"name": "ear_left",
			"from": [2, 13, 8],
			"to": [6, 19, 8],
			"rotation": {"angle": -22.5, "axis": "z", "origin": [0, -3, 0]},
			"faces": {
				"north": {"uv": [0, 0, 16, 16], "texture": "#3"},
				"east": {"uv": [0, 0, 0, 6], "texture": "#missing"},
				"south": {"uv": [16, 0, 0, 16], "texture": "#7"},
				"west": {"uv": [0, 0, 0, 6], "texture": "#missing"},
				"up": {"uv": [0, 0, 4, 0], "texture": "#missing"},
				"down": {"uv": [0, 0, 4, 0], "texture": "#missing"}
			}
		},
		{
			"name": "ear_right",
			"from": [10, 13, 8],
			"to": [14, 19, 8],
			"rotation": {"angle": 22.5, "axis": "z", "origin": [16, -3, 0]},
			"faces": {
				"north": {"uv": [16, 0, 0, 16], "texture": "#3"},
				"east": {"uv": [0, 0, 0, 6], "texture": "#missing"},
				"south": {"uv": [0, 0, 16, 16], "texture": "#7"},
				"west": {"uv": [0, 0, 0, 6], "texture": "#missing"},
				"up": {"uv": [4, 0, 0, 0], "texture": "#missing"},
				"down": {"uv": [4, 0, 0, 0], "texture": "#missing"}
			}
		},
		{
			"name": "scarf_body_front",
			"from": [5, 3, 5],
			"to": [11, 5, 6],
			"rotation": {"angle": 0, "axis": "x", "origin": [0, -1, 0]},
			"faces": {
				"north": {"uv": [0, 0, 16, 10.66667], "texture": "#4"},
				"east": {"uv": [13.33333, 0, 16, 10.66667], "texture": "#4"},
				"south": {"uv": [0, 0, 6, 3], "texture": "#missing"},
				"west": {"uv": [0, 0, 2.66667, 11], "texture": "#4"},
				"up": {"uv": [0, 0, 6, 0], "texture": "#missing"},
				"down": {"uv": [0, 0, 16, 2.66667], "texture": "#4"}
			}
		},
		{
			"name": "scarf_body_back",
			"from": [5, 3, 10],
			"to": [11, 5, 11],
			"rotation": {"angle": 0, "axis": "y", "origin": [0, -1, 0]},
			"faces": {
				"north": {"uv": [0, 0, 16, 16], "texture": "#4"},
				"east": {"uv": [0, 0, 2.66667, 10.6666], "texture": "#4"},
				"south": {"uv": [0, 0, 16, 11], "texture": "#4"},
				"west": {"uv": [0, 0, 2.66667, 11], "texture": "#4"},
				"up": {"uv": [0, 0, 6, 0], "texture": "#missing"},
				"down": {"uv": [0, 0, 16, 2.66667], "texture": "#4"}
			}
		},
		{
			"name": "scarf_back_left",
			"from": [5, -5, 11],
			"to": [7, 1, 11],
			"rotation": {"angle": -22.5, "axis": "x", "origin": [0, 0, 0]},
			"faces": {
				"north": {"uv": [0, 0, 2.66667, 5.33333], "texture": "#4"},
				"east": {"uv": [0, 0, 0, 6], "texture": "#missing"},
				"south": {"uv": [0, 0, 5.33333, 10.66667], "texture": "#4"},
				"west": {"uv": [0, 0, 0, 6], "texture": "#missing"},
				"up": {"uv": [0, 0, 2, 0], "texture": "#missing"},
				"down": {"uv": [0, 0, 2, 0], "texture": "#missing"}
			}
		},
		{
			"name": "scarf_back_right",
			"from": [9, -5, 11],
			"to": [11, 1, 11],
			"rotation": {"angle": -22.5, "axis": "x", "origin": [0, 0, 0]},
			"faces": {
				"north": {"uv": [0, 0, 2, 5.33333], "texture": "#4"},
				"east": {"uv": [0, 0, 0, 6], "texture": "#missing"},
				"south": {"uv": [5.33333, 0, 0, 10.66667], "texture": "#4"},
				"west": {"uv": [0, 0, 0, 6], "texture": "#missing"},
				"up": {"uv": [0, 0, 2, 0], "texture": "#missing"},
				"down": {"uv": [0, 0, 2, 0], "texture": "#missing"}
			}
		},
		{
			"name": "whisker_2_right",
			"from": [1, 7, 8],
			"to": [4, 8, 8],
			"rotation": {"angle": 0, "axis": "y", "origin": [0, -3, 0]},
			"faces": {
				"north": {"uv": [12, 12, 14, 13], "texture": "#0"},
				"east": {"uv": [0, 0, 0, 1], "texture": "#missing"},
				"south": {"uv": [14, 15, 16, 16], "texture": "#0"},
				"west": {"uv": [0, 0, 0, 1], "texture": "#missing"},
				"up": {"uv": [0, 0, 3, 0], "texture": "#missing"},
				"down": {"uv": [0, 0, 3, 0], "texture": "#missing"}
			}
		},
		{
			"name": "whisker_1_right",
			"from": [-4, 8, 8],
			"to": [0, 9, 8],
			"rotation": {"angle": -22.5, "axis": "z", "origin": [0, -3, 0]},
			"faces": {
				"north": {"uv": [0, 15, 2.66667, 16], "texture": "#0"},
				"east": {"uv": [0, 0, 0, 1], "texture": "#missing"},
				"south": {"uv": [13.33333, 15, 16, 16], "texture": "#0"},
				"west": {"uv": [0, 0, 0, 1], "texture": "#missing"},
				"up": {"uv": [0, 0, 4, 0], "texture": "#missing"},
				"down": {"uv": [0, 0, 4, 0], "texture": "#missing"}
			}
		},
		{
			"name": "whisker_3_right",
			"from": [5, 4, 8],
			"to": [8, 5, 8],
			"rotation": {"angle": 22.5, "axis": "z", "origin": [0, -3, 0]},
			"faces": {
				"north": {"uv": [12, 14, 14, 15], "texture": "#0"},
				"east": {"uv": [0, 0, 0, 1], "texture": "#missing"},
				"south": {"uv": [2, 15, 0, 16], "texture": "#0"},
				"west": {"uv": [0, 0, 0, 1], "texture": "#missing"},
				"up": {"uv": [0, 0, 3, 0], "texture": "#missing"},
				"down": {"uv": [0, 0, 3, 0], "texture": "#missing"}
			}
		},
		{
			"name": "whisker_2_left",
			"from": [12, 7, 8],
			"to": [15, 8, 8],
			"rotation": {"angle": 0, "axis": "y", "origin": [16, -3, 0]},
			"faces": {
				"north": {"uv": [0, 13, 2, 14], "texture": "#0"},
				"east": {"uv": [0, 0, 0, 1], "texture": "#missing"},
				"south": {"uv": [16, 15, 14, 16], "texture": "#0"},
				"west": {"uv": [0, 0, 0, 1], "texture": "#missing"},
				"up": {"uv": [3, 0, 6, 0], "texture": "#missing"},
				"down": {"uv": [3, 0, 6, 0], "texture": "#missing"}
			}
		},
		{
			"name": "whisker_1_left",
			"from": [16, 8, 8],
			"to": [20, 9, 8],
			"rotation": {"angle": 22.5, "axis": "z", "origin": [16, -3, 0]},
			"faces": {
				"north": {"uv": [0, 15, 2.66667, 16], "texture": "#0"},
				"east": {"uv": [0, 0, 0, 1], "texture": "#missing"},
				"south": {"uv": [0, 15, 2.66667, 16], "texture": "#0"},
				"west": {"uv": [0, 0, 0, 1], "texture": "#missing"},
				"up": {"uv": [4, 0, 8, 0], "texture": "#missing"},
				"down": {"uv": [4, 0, 8, 0], "texture": "#missing"}
			}
		},
		{
			"name": "whisker_3_left",
			"from": [8, 4, 8],
			"to": [11, 5, 8],
			"rotation": {"angle": -22.5, "axis": "z", "origin": [16, -3, 0]},
			"faces": {
				"north": {"uv": [0, 15, 2, 16], "texture": "#0"},
				"east": {"uv": [0, 0, 0, 1], "texture": "#missing"},
				"south": {"uv": [0, 15, 2, 16], "texture": "#0"},
				"west": {"uv": [0, 0, 0, 1], "texture": "#missing"},
				"up": {"uv": [3, 0, 6, 0], "texture": "#missing"},
				"down": {"uv": [3, 0, 6, 0], "texture": "#missing"}
			}
		},
		{
			"name": "leg_right",
			"from": [5, 0, 3],
			"to": [7, 2, 6],
			"rotation": {"angle": 0, "axis": "z", "origin": [0, -3, 0]},
			"faces": {
				"north": {"uv": [8, 12.5, 12, 16], "rotation": 90, "texture": "#6"},
				"east": {"uv": [8, 16, 12, 6.5], "rotation": 270, "texture": "#6"},
				"south": {"uv": [0, 0, 2, 2], "rotation": 270, "texture": "#missing"},
				"west": {"uv": [12, 16, 16, 6.5], "rotation": 270, "texture": "#6"},
				"up": {"uv": [0, 6.5, 2, 8], "rotation": 270, "texture": "#6"},
				"down": {"uv": [10, 6.5, 6, 16], "rotation": 180, "texture": "#6"}
			}
		},
		{
			"name": "leg_left",
			"from": [9, 0, 3],
			"to": [11, 2, 6],
			"rotation": {"angle": 0, "axis": "y", "origin": [0, -3, 0]},
			"faces": {
				"north": {"uv": [8, 16, 12, 6.5], "rotation": 270, "texture": "#6"},
				"east": {"uv": [12, 6.5, 16, 16], "rotation": 270, "texture": "#6"},
				"south": {"uv": [0, 0, 2, 2], "rotation": 270, "texture": "#missing"},
				"west": {"uv": [8, 16, 12, 6.5], "rotation": 270, "texture": "#6"},
				"up": {"uv": [8, 12.8, 11, 15.8], "rotation": 270, "texture": "#6"},
				"down": {"uv": [10, 6.5, 6, 16], "rotation": 180, "texture": "#6"}
			}
		}
	]
}